address,block,validity,multisig,option,importance
NAZ23DUUCOKH6DZK5PTYUHW654W5ATUZH6TLFTB3,1545312,Too Late,false,yes,0.0003378971092628081
NCGW7D7Z5OFU5PSRJHQEQQHIO6SZWIM4CROZX42X,1543852,Valid,true,yes,0.0001080531213455884
NAEAO4PXHWDDFMLSJL34M6XHLEZDMWJOIDZ6WYC3,1543393,Valid,false,yes,0.0000094206434306896
NAPWGNSU24MHS5QZ6E5ZO4VH3V3LWR7AKRHUZQKH,1543328,Valid,false,yes,0.000017381045204929886
NB3BVPLP47UAJIHGGSD2BPF5OGJKZ7HF5W4OIQVF,1543078,Not a 0xem transaction,false,yes,0
NDGFG6JMQNBPPV4HB5CELLBCV2OVX2OVVFY6ELGS,1543051,Valid,false,yes,0
NAQ52JYXZCWNVI7KP7ZCZD4WNIH3PYDPSXESCYHP,1542977,Valid,false,yes,0.000010475522363694375
NBXIUMUPKKLX4TNKQSOGYKVKQ3AOVP7WEXXJ3MV6,1542905,Valid,false,yes,0
NAOBNDDCUC5NVF7VVINOOYFAWEP5NOFSAJCZOTL4,1542549,Valid,false,yes,0
NCBDVDVSQCSTOZ76GHLMPIKKD6UAS2MIGH626VW4,1542533,Valid,false,yes,0.000011408572143561381
NDYY6OLW4JNT24TE2MVEVYKRGGUD3N62UFLGJM7J,1542533,Valid,false,yes,0
NAU3IDNCZ2MLJIGKB5Y4DVIK6PFIGNJ2QACD4JEH,1542533,Valid,false,yes,0
NCZXL5YGL25ZQI37SV4NNCR7WPRF4O3UNC2GN4JY,1542490,Valid,false,yes,0
NBCZCKXZ5WZ2OAQKQGMJI43S62APSVQGLYCYT6OP,1542371,Valid,false,yes,0.000027300524993930825
NDIBC7SQQIPVFIR2FYSZOWCHZ2W4FPTXOA56YFYU,1542232,Valid,false,yes,0.00005817929475260757
NDD5TZQQ42JSDQ3QZWIDWDIQ3OCNDAKRPYZBF5LD,1542163,Valid,false,yes,0
NAUYRMMG55CYPWWQAF4VZUXC6KW2F2ALSFAVXFTC,1542113,Valid,false,yes,0
NBH5MBIJ5XNQLLAGU2QVUFMOJ63B22XVTGPCFBOE,1542100,Valid,false,yes,0.000009969374332831871
ND4OXZGTALNBYUAK42VVF5EA47HLIRM37QKMTSQ6,1541949,Valid,false,yes,0.0000532561099462827
NB2P23S5CAL67LZRRJJFPUN2QYZ7BDRJKS4ROJVT,1541900,Valid,false,yes,0.00019438940793962045
NCANOZCFYUDCGDR7LTBRK272UEYI3JG5PH6ZQUTF,1541431,Valid,false,yes,0.000009715578600185526
NAMJLMLXNY5GT4KW5OIZXK4XMZGL5F6WW4WFBEPB,1541150,Valid,false,yes,0
NDSGXGQATAAUCWKZUFG2TMJLVX6UXELSID2ELJ4X,1540898,Valid,false,yes,0
NCEPTZWAAYRNWNECLGHRZASQMPYSH6VRWUOMHGLS,1540849,Valid,true,yes,0.0001382987344148895
NA3ZQW5M6P55UI572QTFCJL7EMUNCOVWNTQEWAHC,1540844,Valid,false,yes,0.000015624718879156044
NBDGYIJYOOM5OYHCXDNPQ5GRPZCBWXRJQBXVDXTZ,1540731,Valid,false,yes,0
NC54T2PTAT3R2CLJKPPJRE5DUE6AEIUJVEKO6OEY,1540643,Valid,false,yes,0
NCTDZSA4TYMSH5VYJ7FQXQ5V5TRIYALJ2RKTD3WK,1540638,Valid,false,yes,0.00031751858422180524
NAV5BZV2BINPOKTYA5YKCWC37FUSF2JMDRMEEHTX,1540632,Valid,false,yes,0.0003081319557693736
NDTLIMWAXBZUDDNG2DYVSVM75DI5RJCVVG5VF7MG,1540632,Valid,false,yes,0.0003070851446564083
NCIDW3ALGHN3HJL37B7UENHRNQGIM6V36BUWDWZU,1540632,Valid,false,yes,0.0003102468865416217
NBMSNAGRNPOMRBGOIEQDR5DSQKZOGDDCQGAEH76P,1540631,Valid,false,yes,0.0003114987666708969
NBXB3ZICURZMY5ORESV72SDTY3X5MIC3ALISGXFE,1540629,Valid,false,yes,0.0003110147808167107
NBMU6EE22H2IDD3GOJX5XEGZFUVY66FI4KTRIREL,1540629,Valid,false,yes,0.000010023441024045417
NBC44DTUB7EKKLCNWH6O7ZNIJT2JHUC3OFYMQXKP,1540628,Valid,false,yes,0.00030927664725807617
NC2KFMML7FWQHULQSVE342JCKXZ2V4BMEOIJ53RD,1540627,Valid,false,yes,0.00030854806221672224
NBXEQEL34S3IX36K7TWQY4SSX6RRIUTHGAHKEFX4,1540614,Valid,false,yes,0
NC2BQJNUUXNHDKG4JCEXTLQR2YTHMDZ7ANAMZ2V4,1540595,Valid,false,yes,0
NBUTYJPHI65USBZTBTPJCRPZJW2YB3OONAV7IAAX,1540581,Valid,false,yes,0
NCF7RIACTLSQCHWWL2LHFMYQFBKMD6BRY7KPMMTN,1540527,Valid,false,yes,0.0000422723319851045
NC6ODQN5UADLMAPYMIILVOEE7I47EM3PTMHT7YLK,1540465,Valid,false,yes,0
NAM5R62R6B3ZZVQJLTYC7GHS5ATNVT7ZVKFJ3VZ6,1540391,Valid,false,yes,0
NDFDBZXK5U47ENNDHP3QBIR3ZPFD5YBJ2EFAGP5R,1540284,Valid,true,yes,0.00008816200628989825
NAIB45KFI53K3VNQOCNLAVSPY7CCPL27INSG4BTB,1540226,Valid,false,yes,0.00031066564827333335
NAAEVMN2WRXO5ZOSWNKJRUC5GAM3DCM7NXCBAN6X,1540225,Valid,false,yes,0.0005274791724264443
NDTP7NQIY6U356UOKC57GIO2XONCWN37UITUTPCD,1540224,Valid,false,yes,0.0003259878697637856
NB7M3V6SMDEFLP5WZ4BDXOY3FK4KONZWWTBB526B,1540223,Valid,false,yes,0.0003260592364866758
NDI5M5X4UU3KNMAZ7MKLM46DNPPEZYQTMXQX3JBB,1540221,Valid,false,yes,0.0003252795659809933
NATOCZOVV4LV3RYLJ76NGLWQ7UGH3SH7K7CWVXLP,1540176,Valid,false,yes,0.000024384554585557455
NAB5C6SHWUQFVKKF6NQZYQWF2SFTT7KQY6YNAAUU,1540083,Valid,false,yes,0
NC2HFVXKS3XLPEYRQVDXY6EG3MILU6BYCPXJ6ZS7,1540069,Valid,false,yes,0.00001043439706360218
NBYJBI2KZ4IDOD3DGNSQXN5EL5LL3ZXTYWUX5K2U,1539933,Valid,false,yes,0.0003166759323177678
ND5E5O2MIOTBCCCEDN4N7HOCFW5JD5CMCZV7VVFT,1539932,Valid,false,yes,0.00031952855523222995
NDXKKA2CEKZEL27K5MXZ7ULHYXHLE5COPXH4YNQ2,1539930,Valid,false,yes,0.0003175402946431025
NAQKDE5COK62JHYWDEIVREYL4FFBPCWO27O7Q5EJ,1539930,Valid,false,yes,0.00015057775444224974
NCZJAGWCXPPTLFFAVZIB7DBIWDSK6GSI53AAWH7X,1531975,Multiple Vote,false,yes,0.00000942174822399652
NA62DXL3PVWBSN6XC32T5BMH2CDZYHMEUUISNWQQ,1539863,Valid,false,yes,0
NA7BMUE4XRA2ADSOYGW7UZE42HHJ7YQXP7YSKK4S,1534827,Multiple Vote,false,yes,0.00000991847965965783
NA7NUIVSIA7Y4U5W4BKJTFLEZTOBS3H3CJAWJG24,1539819,Valid,false,yes,0.000010197222094583033
NDC4KFZ5ZUEGK5G2DXHW42I6BFA6MJUXX4ZSEALU,1539750,Valid,true,yes,0.000018400076959831388
NAGYWWBFBXHIFPKYIIEBPXZOQRA3JQD4PIDXTUJO,1539734,Valid,false,yes,0.00004188291246254793
NDNTFLKPC7HSDZGWBISFI4D33F2WTBJIINEA5DX5,1539722,Valid,false,yes,0.0003881120408271546
NDC64AJMAFIZSA2OLJZWRYGFMSN7ZHZISCNMZTM5,1539662,Valid,false,yes,0.000010965609858761311
NCRQYWCY6NEXODQMZYTHYXAC5W6SYEGPQBDNSYMC,1539654,Valid,false,yes,0.00001069330031628747
NCTJ5HCJB755AX3M4S4FOURA62WJWLQPWNS7PXL7,1539647,Valid,false,yes,0.00000980141414872756
NCURKDXYWVQBKLKAGCEA44HI3ROJTZ7OEIZB4YE7,1539630,Valid,false,yes,0.00003162693918760899
NA54GNH6C2ZGB3RMY3HBROS2D2J4WO4I5WGHGZP4,1539630,Valid,false,yes,0.00003109399003709176
NCVV5FNU6AF5ZNEMWHYNRGY22TV64GOQC243ZXVG,1539610,Valid,false,yes,0.000013480910340138017
NDPDULH2RD7GUB5NEFTBKHO2PYICLEBEEJGHC6FS,1539604,Valid,false,yes,0.000009703015273307198
NBNXBI5HDFLGAOQGJ7P5N43PXMASEX6AZLO5UXIH,1539545,Valid,false,yes,0.000014614888727494847
ND45EGBNWN55OQIJNKFIP2FCH2U3MLUNJZF62EYO,1539507,Valid,false,yes,0.000012877416085247803
NANEMATZVL26LNYIBBGOZ7X2IQ57URZLEWFT63YZ,1539471,Valid,false,yes,0.00001945887636772539
NCQV52ZYFUR7NCX4NFP6IBOMFU77A77E2VHYODBJ,1539441,Valid,false,yes,0
NDABXJUMQHOPK5ZXK6HGWTZ37QC3NP6IBZLEREMM,1539410,Valid,false,yes,0.000009439599109482558
NC5WDY6QUF3RE42HQDXPKQXGJYYPJ3I2SFX4SRUS,1539387,Not a 0xem transaction,false,yes,0
NC5TLCYK4GRATE72C23T4CHNPN23BW6LVVWUXV2C,1539385,Valid,false,yes,0.00002099707587459698
NCEO42Q4PQNIQDWMZ3WIUMMCV3NAQ6FIQ2XGGCUU,1539282,Valid,false,yes,0.00008310048158005176
NAWZUUT6WMDUATCCG335BORKHSASU6B663VHXGMK,1531518,Multiple Vote,false,yes,0
NBWMVMZZ5XLMKKKOKOXFOLMSHDHPJE5V6TJSJZJS,1539249,Valid,false,yes,0
NCCRZEF36PFJVA3TK6BYZI4DZCGPTP4CE467HSCT,1539238,Valid,false,yes,0.000028205470425398612
NCDIEPAKYOBHRKEK73GMPIQHGLRORYFKZQHC55RI,1539233,Valid,false,yes,0
NDVTBACKFPE3RCJFSPEQQVOIYQ5Y3ARPZI6RFYP5,1539190,Valid,false,yes,0.000012936955950672995
NB7QMTXZQN3YYZVGP7HPMIAUIDEPUA54X4DTPIRC,1539190,Not a 0xem transaction,false,yes,0.00003795815833820168
NCYUEU7OR33P3NTFFIVOF72Y3KUCIA7QBDNZG44E,1539170,Valid,false,yes,0
ND7CSEHJYHE3VDXBPFII62CKPMLMLOTGFWEYS3LP,1539161,Valid,false,yes,0.000009644869150569591
NBBJ63OETW2E5MNBLUU4ORCCWW6LONVZICZX6GT5,1539148,Valid,false,yes,0.0004126728234966119
NB42F7MF6CPGKDIM4A3QGUJGXUKL4R7TUYKDGFB2,1539147,Valid,false,yes,0.000017098940065058428
NDSB442XZRYS6O32SV2XRONQBF7TOK2O3ZZZMN5U,1539129,Valid,false,yes,0.000009520805951144537
NAKW6E2Q2NSQZRQSTBJ2MA426QUCVESGO3OCAEPH,1539127,Valid,false,yes,0
NCUE5YFTHD7TSSPY6F7LJP3BFV33WIOR6KNZLVPV,1539099,Valid,false,yes,0
NBCIMDLY7RUQF3WCOJG4DCLX5LFFIST6OOJG5MJH,1539097,Valid,false,yes,0
NCJYFKLE2ESK5CYJA2VFPYBHKDXXRTL4E4F7DFCK,1539090,Valid,false,yes,0
NAURKJRXU6Q6DDP5PLKHW6UYCOQOJTIXDXRXFVSF,1539084,Valid,false,yes,0.000015314543159631065
NBYTHP3NFAWQTUVYN4NANBGVQGUUJEWS47BPDJBB,1539063,Valid,false,yes,0.000025346117345141058
NDLHFMW7DWMNBNQTX5EXFZDBC6EDLNIZ6HTHO4BI,1532386,Multiple Vote,false,yes,0.000009633287172386547
NDVTLX3ASU3A6SOA6KTDMLII4QKNTIM6YOYVREA4,1531588,Multiple Vote,false,yes,0.000010085376306187436
NBBDJ3PLBYWWWKO3FQGOR4DKU5JTB4L5767MCJKN,1539029,Multiple Vote,false,no,0
NCA3T3VPJWQMUUTQIWHVCOZHC4ANH6BROK77RITB,1539030,Valid,false,yes,0
NACOBQXJDHUHDSWESKQOTAZLC3C34QCHQ52X76CI,1539029,Valid,false,yes,0.0000103510216819242
NCNSPI5KYJLHZCJK3OKA2FA7Y37BLGEOTCJETPC5,1539029,Valid,false,yes,0
NBPBKYXG47OW4LVWWF6ENETBBXGZT7OU7W2OILYM,1539028,Valid,false,yes,0
NDSUWOTWGKLK523YLIYWVFKK7Y2IVOCSJ7QQ6KJP,1539028,Valid,false,yes,0.000009733221575589196
NCY672SPREWKQV3PDUH5L2R457MIIN7CNOYHHGL7,1539008,Valid,false,yes,0.0000445807458533502
NBGLSRDWSI35WHOGRGVAQDTEIOS4H2XS3MLQVKAG,1538990,Valid,false,yes,0
NAIWDZ4NHSMVOHBFM54PSPQJJDMQLN3WQI52GTIR,1531657,Multiple Vote,false,yes,0
NBQVCQF5AP54BUIN6LD6LQS7XQN37E5S7FYEG5R4,1531710,Multiple Vote,false,yes,0
NDDIHO4GBQ7OLEP2MSJJJJKFNUX5BTPB2JNAYFEJ,1538900,Valid,false,yes,0.00034202677990490714
NC7ONX367XHMDHLMIOD4HRSP6G45QOSREEMNYQQW,1538898,Valid,false,yes,0
NCBW2TT2NYXUGS3HYXUDOHZI5LD2KBZ6AY3NJPNZ,1538772,Valid,false,yes,0
NC5KHFU67AY2LHWCVKX7HGXDO4ESQRF5ESPXBNLX,1538762,Valid,false,yes,0.00001321009437690263
NCU4PCRUJM4LXBX43FWDXBE577AIQDCYCLRSZRE2,1538627,Valid,false,yes,0
NBMEJQUK4ZBNR6NSM6SQHNIOHRFAQ2BXQBASBJ2H,1538538,Valid,false,yes,0.00001656876656633009
NBC2HPMIQOJNMP6CEVMFITFSEIE3TUOOVB4ASLLW,1538514,Valid,false,yes,0
NDVJZMUX42E3Y2YYKNKROC4B4DNK7TVHQUG6FHLZ,1538465,Valid,false,yes,0
NDU6AB4BP4SBEVLWSE2ESR65AKC3XRJXMH2RFZUC,1538436,Valid,false,yes,0.0002983842819617338
NBIHTV2VI6H4C3Q4MC45LEIXSHUABLTHNGB5RMH4,1538306,Valid,false,yes,0.00009997639923324758
NCE6VFDGU5Y5SSUQ7SDJ4PPX6VKNXAQOFAHHV5MV,1538266,Valid,false,yes,0.000009650682547853627
NAAZWYAXCVEPATLTCQJ4H44ZK3WYEDUJGP2HELYW,1538256,Valid,false,yes,0
NAN33UIXJTCJTRTQDYIFF3OKRIGZFPYTXTYT4NOO,1538141,Valid,true,yes,0.00013365390481750745
NC4KMP2XHQELXFQ7QN672IEUAT3QZ7PE2AGRQ2FK,1538086,Valid,false,yes,0.000009423254209380369
NDPZQEIFCAQ6CIDANUHZIHB2GCL4VGBAF6DMMZFD,1537925,Valid,false,yes,0.00001664460809415889
NACC5RGRRVVWZ2FUBOGPOYB3XSV4EABV6S6Z6BCG,1537911,Valid,false,yes,0.00005419001454003469
NBKSILS4Y2KCM5TGUPYHQYXDUNL6HIZQPRLFWDE6,1537815,Valid,false,yes,0
NC753ARFUK2ZTVYEK7HEHUQCKBYTW52BPCMM26KD,1537799,Valid,false,yes,0.00014764609084563248
NA2YJCCIGT325RN3WWPXM37C2PQFTHZYIUA5W5VS,1537787,Multiple Vote,false,yes,0
NACFKHDSTHSLBRJL77GFSGSPRCIZBWVFU2KLTMRD,1537784,Valid,true,yes,0.000010839392608541508
NDKDLD23BBNL4WX3Y7N32JBG3EOPD5SMOERV56HK,1537759,Valid,false,yes,0.00030744193538798976
NCIW5M7FUNZWNQR5XA4UJJIMJFJVSNC2ZT5BMAKO,1537758,Valid,false,yes,0.0003074915786260728
NBOAS7WWMXKZKZGSQZYNM4DLTCZP3W2VP2S7VMBH,1537749,Valid,true,yes,0.0003088921911456984
ND5DO5GHL3FZWDKXDA62SWXUYM7TJSWNZ4YGFDLP,1537700,Valid,false,yes,0.000010612745970590716
NC43PT4VAFLFKZPTXI5SRYD47R6EXFZY4RHMJSNG,1537685,Valid,true,yes,0.0014224012203019854
NA5AO6PM7HONTO7IN5CBRNFKLFPU7BWQHSBO3L5W,1537650,Valid,false,yes,0
NAW5BDPC6VOOLVPGTTXLRTBU4DNJNKCRTM3FTUIL,1537632,Valid,false,yes,0.00024743008279214633
NCIELL3C776X5JM6VVJTRWBM73KRKF2BJM2DG4GO,1537617,Valid,false,yes,0
NDNX6GD37TQKYN5V65WSOHG6D5Q5BJGUO4HRBZGW,1537611,Valid,false,yes,0
NBM4VB3NVSI4TUI7AYLVZMFMXHTMHN3N5TZIDBIM,1537592,Valid,false,yes,0.000010500572166446398
NA5BKQHJERHMA6YJ6TDT5ZXLCQBPSYNMEEURQNUT,1537555,Valid,false,yes,0
NAARR2FW3X4Y3HMW7R6V7HMFGQKTVV2RJUAQLDO7,1537515,Valid,false,yes,0.00034182078570050157
NCBU5Q4LEANNICUGIGNSWGLGM262EOMDYVXWH5CQ,1537508,Valid,false,yes,0.00034177451881868976
NCM3BHCFN47O2UVBATY7EXSINBPRKL6J5WQL62XT,1537506,Valid,false,yes,0.00003756110680597833
ND3N6LAREIFMHZVJBOSGUO7GSBKY6VLO4UKJOOKD,1537506,Valid,false,yes,0.00034182292496440637
ND76ZXQEHPTUB555DCCIERA7ITBVDSRKE3EYNCOJ,1537503,Valid,false,yes,0
NAYGM4OZYDKJBJL3J5QJ46EPZELDED3FPSGSVERG,1537499,Valid,false,yes,0
NBAQIXHQK2T545HY4A7YQPJ46N54WMRQDS2TYDBD,1537499,Valid,false,yes,0.000011099135112805984
ND2YEWGP365UW7FBXJSDFXSTHLS7LRTMHRC2KB2H,1537495,Valid,false,yes,0.000013288030065700281
NCFEUWG5RDT2SRPYG5DTA4I7CMDIMODWRSYBINKB,1537420,Valid,false,yes,0.0000094529070917742
NBKPRISXVACFURYIEDQ57VDY5ZNKZXN3EKES6HXV,1537404,Valid,false,yes,0.0002326927234173401
NCROFMDHZD6JGMYORRYVEK7CYIVJZMSSEUOJIWML,1537390,Valid,false,yes,0.000009649862296731782
NBQEJBSDIMBRP727QNQVPVYR2SOZ4VWRCZX5GUGU,1537330,Valid,false,yes,0.000009379498451216204
NDBXSES2QX6MGKUKM3N6ESRQ4WIUOFEMHEVQYYOH,1537296,Valid,false,yes,0
ND7IO2QKPHN5UN23O5ODWHPTLTKPIS3WD33RS24A,1537271,Valid,false,yes,0
NBPLU5EJLHRZXHU4MLRA372KTTDIZNWVPWUXYXT4,1537221,Valid,false,yes,0.000009519663173250908
NBCEUR2GOPV3JFJWBAK7CMARZXPRRTKJI2NXIKSC,1537215,Valid,false,yes,0.000013177838687517627
NBWL226SR2SUMNYZXV54HWRFJHVPLHPTWIY5QHF2,1531792,Multiple Vote,false,yes,0.000010433092554713466
NCOVZTFGKBEK2TPT7LEPPLXC7KMMISN6JG2LOZRH,1537206,Valid,false,yes,0.000009640591150636227
NDZG7CEBFVFQAEHRLIWFZV3XRTSTH7BZUPEPOI7J,1537153,Valid,false,yes,0.000009436302990393267
NCZQZHIPAJSIFPUTXJBWEMVCRGQJ7ROO4BEMJ7AD,1537143,Valid,false,yes,0
NAWO64O33G4UPBUYWZPAFR6CFWD2NGFA5QMMHB2T,1531114,Multiple Vote,false,yes,0
NBE7XTMC3VNMGHDZUOXFHUIEAQ4A3T4BZ4PZFOGG,1537072,Valid,false,yes,0.000013569407782051307
NBJZ7MLK7EQXTHUGV7YTSMNM4ZUH4MMFNFTD4K27,1536965,Valid,false,yes,0.000021535968568346288
NDFC327TNXY7755HIBG4Q7P5LIUSI5BE6KVTX4VK,1536909,Valid,true,yes,0.0001777173424510265
NA6BEZWTKU6ILCEKRTYNJBWXMZJRB7VGRK2ULTAQ,1536726,Valid,false,yes,0
NACHUIVTK4CLYQU2LDCCZ3KEA7TJ4UTPAVMWQNFT,1536682,Valid,false,yes,0.0003082172999125844
NAXELONHBATWGKRJA6SE62YCHTA3U3OC4MEI2RCM,1536682,Valid,false,yes,0.00030815712001249797
NAIVE43D3SLI5MFIIXRFIY64RKOWIYQQQ6MBM2CC,1536682,Valid,false,yes,0.00030862299606543254
NBIRDQCN2YFGYLPX4AGZHTEBKKDJYYGGNVJTPKKD,1536682,Valid,false,yes,0.0003125520071887331
NBLBZBS4QKCKR62F5X6XPIJCMF7M7QQJB7SFUJCB,1536669,Valid,true,yes,0.00001353559155868731
NB626S4PEBMSBTDZ5U6Q5KVWPIJOYFPZXNT4VAHM,1536508,Valid,false,yes,0.000009456767997338407
NBJ3TTPWIB4WKY4UTB5J2G7QRDMKHWCQ5BUULINS,1536416,Valid,false,yes,0.00001017179670470243
NCPP47QMUCXXGXLGD73PMVLXIXVONUH3CMYB6WYD,1536379,Valid,false,yes,0.000010626265810050313
NDE5DHZ34CAVBAEO5WEHRK7OM7KBJQ76OGS455AC,1536263,Valid,false,yes,0.000018036972645871625
NAXCGEEMWLZHL63WYXMJXA2Q6MD6NXFXEEBC3GRZ,1536232,Valid,false,yes,0.000009428936844645525
NATM7PLRPD77NA4Z76XFL6NALOEYR2EVJA74NSSB,1536224,Valid,false,yes,0.000011701812523566904
NC7N7ISZMGMJ4LIYFYVGX2WT4RC63SYMCJR62JKW,1536182,Valid,false,yes,0.000010993091526568808
NA3XMHR3JYGJ7K2UDJD2TWQCIGTG353MRQFHAEXY,1536158,Valid,false,yes,0.000010196071168930572
NB6B4D3SXWALYHLDNB7VTX4KS7TLRGHCIZO6LWLK,1536105,Valid,false,yes,0.000011249964274957886
NDC2YO3QDVI22TGQ554EQJSLRWNIAOONOHUEVP6E,1536092,Valid,true,yes,0.000009603669094176553
NBPSD2TJSVRM5W73GCDFS52HBBW4YOTA57DXSJGZ,1536084,Valid,false,yes,0.000009802099519355898
NDEZD4MFZKNIWWOV3FICUGKCXOBR7GKC5UASQEKN,1536082,Valid,false,yes,0.00016554293858513517
NCTECB7VIC3RQ5A7VNYJTZN7RGGDQLDRRVDCZHD2,1536080,Valid,false,yes,0
NDAKKARBWOCSRX6TKZER2G6YLCJZ753NUTNPYYIR,1536071,Valid,false,yes,0.0003115443735099784
NAOLIVENEXCVSMUUGYHAPGN43QKHXYX5QGYAZ7AY,1536068,Valid,false,yes,0.00030954593148659054
NAFUN57LGM45OSXUXNDD6O35PVF4UBBPGJW546QT,1536068,Valid,false,yes,0.00031640028456346653
NAFUN44Y33Q2VAGUVS4BOADH6BW3JJZ7KJAEAZCN,1536062,Valid,false,yes,0.0003166248419646796
NAFUN3XCQY6GMJHDESPYX4V6W7E2IHW4JWET26V3,1536062,Valid,false,yes,0.00031693291714886675
NAFUN2FJGCFHI2QS4H6DDHIPQJEEAAHU2DVY5NE7,1536062,Valid,false,yes,0.000316980977427678
NAFUNDZWDMSOOFL4DUGB5GFNR34NCEOUOMTJ4UEB,1536062,Valid,false,yes,0.000317253230029203
NCDHYPQDGDDVHXE5KC2DOBZ5BZFLIZVJO4DPOUHO,1536021,Valid,false,yes,0.000009435403420344907
NBJQEJDPCAWNJVWZUFGJFYOHSZS2GI7NLP45S5Z4,1535834,Valid,false,yes,0.000024008042961303133
NDZUNCUUCPDB7MMAR2GPC7O5CPEQ3YKF63JRI73T,1535829,Valid,false,yes,0
NAIYUDFG3FEANOOOEJ6IDUIDRZ2UWYEQKL6XFU2D,1535743,Valid,false,yes,0
NAHFG4WLX5TXOQV7IQ4B3GQ6UMUJAMF7HBZ2X7KC,1535680,Valid,false,yes,0.000018849732846020514
NALAV4EXSE3Q3ECJDJ2YN4WMPX2GCJOGDRGI4DZZ,1531755,Multiple Vote,false,yes,0.00031475754125672833
NCPA2OECCHL62DAL2Q3SH4XZ7QTOZZBSOQYGSOVO,1535654,Valid,false,yes,0.000010568195550674567
NDM2YNKDNLUTCNMSTJEDH4OW6ZA3ORBH4PF7JQK7,1535589,Valid,false,yes,0.000009598362542788024
NDD5KAHPE3CKHPXQ7W5VAQUQLSLUFBHWTWMGBO2F,1535496,Valid,false,yes,0
ND763QTLTYX3JDZBALC3D5PIKK63E7THY6ZJR73D,1535243,Valid,false,yes,0.0002771476447746606
NCEL264LKQYYOKOEYHURQFYIDRDS3HOL4CPNNP2N,1535229,Valid,false,yes,0
NCU6YRC2FMCGMKBQSUGSF6MM3YRZGFVYB6UC5C7J,1535196,Valid,false,yes,0.00011139505374652713
NDNX2ZFGVP4CZZZWNKQ4ONRWECHIACRFTMVPBSMG,1532077,Multiple Vote,false,yes,0.0002103424209112897
NCISQR2CSGPHYQE5GKXBL7CSOSRVWDKNJEMP75XM,1535068,Valid,false,yes,0.000014132205873560998
NBFGZVUQBXJOMDKHX5LDZRYEOKNEZI5YBFZ7W36E,1535008,Valid,false,yes,0
NCE75CS7HJ4UGILB3BJRI7YQ5Y77Y5457KEZV6D5,1535003,Valid,false,yes,0.00000996088339867028
NAMG6GTJUDKT3XOBTM6V557Z2VVEE6S3QR42XBAU,1535002,Valid,false,yes,0.00001033528264624405
NDCOU5TUG6YPBNCG3NX5IGGUB66C4RHUZ3UGO6I5,1534990,Valid,false,yes,0.000009473904571878653
NAENFY2NZ4PIPFLXTISC4FO4ZY4LRPMP7IV2G7AX,1534964,Valid,false,yes,0.000023890688691496396
NDDFJTVKUOCGNBM7W5777ARM2D4CZ4SMBBRBKV7Q,1534959,Valid,false,yes,0.00031549539155889094
NB57RRYR4DRN5HSWJ5CZFLO7PTVKYMAQZSTV2VJ2,1534880,Valid,false,yes,0.00031787036229018114
NCBGZJQUBRHRTOQNORLQ24RJFFZTY5KC5TKTDAWI,1534880,Valid,false,yes,0
NCZALY7IJWZNCM2Y6LDPQ3RM3E7OXF62XLOE36VZ,1534859,Valid,false,yes,0
NCY77PCQQ5QFFBEMG2A53KAVYR5C2PVZRKZGAZPZ,1534855,Valid,false,yes,0
NBZIWD2DBD2Q6HNZZKE6N3T2PF2APJX7QBMVGY3B,1534831,Valid,false,yes,0
NBSPCEVJA7VWRG3XLC2KOF6P5R6OB5RMVJAIEYTV,1534798,Valid,false,yes,0
NC2PZMRQXNPLIYN2IOVEEY2O4QC6XJPLAQJM5QJ5,1534749,Valid,false,yes,0.000010038631246157694
NB7R4Y6POLNP5ZJGDBZX47HTHPIUYBI5JP3IUSKO,1534729,Valid,false,yes,0
NDQK24GHP5QLEFOK7JIYEDDKFW43DQ4T2T3LUJNT,1534700,Valid,false,yes,0.00034218645773316145
NDZ4YPCKVKWAIIZBB5T7T5EL67N2XWPQODGGWIYT,1534697,Valid,false,yes,0.0003421690472455353
NCZAOU5MUKEM5O3NQLBWCC5EBSTNOYIZAZTMIL3K,1534697,Valid,false,yes,0.000342031287325197
NCYNM6N456PEZ6TQUQDBEAZJ43QY5AVM4KILLMVK,1534692,Valid,false,yes,0.00003578056104057801
NBS7XDIJIQQWL4FDVIH4YAIK5QUJQF6YH73T4BIR,1534691,Valid,false,yes,0.0003103021076282526
NB5ZWZD3QDKJKYA6FTCWYOHCCGZMP72PN4TOJGAC,1534685,Valid,false,yes,0
NCPMNTJGNSKVAOQJLJCH7BB36N4ALH37LS2XGFHV,1534674,Not a 0xem transaction,false,yes,0
NBXH75RO2RDMT3OSVAO4YARUCQPKURJH4HRUMQ35,1534670,Valid,false,yes,0
NBG5OKBUZ7D5LBE6A7G5RSAJTQV5Y7XFE7E43MMH,1534640,Valid,false,yes,0
NAF7JBGLM5BSHNF643IFPNEOG7YG7AL2VNSSUE5F,1534631,Valid,false,yes,0
NCAE3GXZP6OJHAZT3O66S5AQRUYN537PMBZQE77T,1534624,Valid,false,yes,0
NBU6CKBVOQ6G7WPUVYKLPGAGRI5G562L3HEQTDDI,1534603,Valid,false,yes,0
NAAWTJQDGTLAV4H2W2OMBZJME7YSDIHVT3TEUO66,1534495,Valid,false,yes,0
NCFKW3CE4ZOMS4RNLFINM6SBGVRPMVBRO5PKHRG2,1534483,Valid,false,yes,0.000009501108296528066
NB26Q7AYEY3LW7ZSKF4PEPAPLZKEVOGLZ4IGVECP,1534462,Valid,false,yes,0
NDNRGQ6QN3L3QOWUEACEJKCHC5IU27O3GMYIWVA2,1534452,Multiple Vote,false,yes,0
NDYQE4HBRS2T5ZWBGUFHS5V4O2HXQ2KMHUTRT6JF,1534447,Valid,true,yes,0.00010945760062827518
NCLRIRGEPSVXUZDBR46G5K5ND3B7OKKCVNCHYPXK,1534401,Not a 0xem transaction,false,yes,0
NDV26RCFLDN3RKMG6H4CULZFZNYZFKH4C676GRJV,1534320,Multiple Vote,false,yes,0
NCN7SFSIZRFDMC2JFIKWY5QBD3SR37Y7DO7BALZT,1534313,Valid,false,yes,0
ND6C6TLY5JUXKHZLSUU3NWKJCEP4A3NVKPAXAVSF,1534288,Valid,false,yes,0.00000991644364450848
NBIKGI4KUVB3YDSEAHBV5RJBW7MU4PDDKAYVGMX6,1534260,Valid,false,yes,0.00003730534060628886
NCZ3ZKPZFZAOXOBSMK5FV25OKSPPVT7IF7RFVBHT,1534210,Valid,false,yes,0
NBT7R4TJ7B6J3C644VFIS3AOHMW72ZGSGJ6DYCAT,1534142,Valid,false,yes,0.000010763162123856186
NBQVAWBC5X3HZ6SNGFQQEUSOGB7VPJ263T6SD5UR,1534139,Multiple Vote,false,yes,0.000009900933719211075
NDYGDZWOF27VMOVYJENRO5SKMCK4XTL4UXDJRLOC,1534029,Valid,false,yes,0.00047551025790369634
NC4GTF37FYTGVG4WZ64C7WWN5HMU5O2LYXXXYE25,1534017,Valid,false,yes,0.000018475974762565134
NDJHSFV3GUBFRSN434YK6YARP2C7AFIT5OLZ5L6G,1534016,Valid,false,yes,0.000009620482741250983
NA65VRTGDJPMAGUHRJILS2NLZ2IYFG34UBHHQTPZ,1533974,Valid,false,yes,0.000009714022815727064
NADB75QZUIM4L7VKR2IARK77UHZ5JJRT4EFGEIMJ,1533966,Valid,true,yes,0.0003099014578343012
NBR5AZIDXN3K2VAPUY7NBBS4FI5RRIEMQYUBBTJ6,1533936,Valid,true,yes,0.00001934294910175337
NCOYGGH5JWBCFNWZAOM4ZS3XX774R4MWTYKF364N,1533914,Valid,false,yes,0
NBIZNLTQ5GZYWIIETWXLRYXKIPTXVRJQWI6GNJBC,1533912,Valid,true,yes,0.00022244397369667316
ND7YZKRDJAPEFUYOMDA4LT2PCCNL3J7RZOX4YPQO,1533908,Valid,false,yes,0.000014933143733581819
NC2YZ5IR4SGQSZ4KKLQGGM6PKOTE55O46Q6YKYR7,1533893,Valid,false,yes,0.00001843439654719161
NDVXXJGO3D2KJ5UJRT4F7REPROYXA3PIG3UBDLCD,1533892,Valid,false,yes,0.000028157771754766598
ND7TKT5JS67PTG4H5E6VGB7MTCP4XA5EAMGPCONF,1533889,Valid,false,yes,0.000009527128627726099
NCF6XACKK7YYDUP3AH6POBP3MCXGBZCTCWPCY5GW,1533860,Valid,false,yes,0.000012878270908347055
NB2PPQOJ7LY456O3BHNYYPLXGS6N65AG52K6A2U4,1533860,Valid,false,yes,0
NAWNNR2SEDKUYOBSKUQ3VLZE7WQW3DYJ6UTESXOJ,1533729,Valid,true,yes,0.000025493157030675326
NA5CVJCUWZSG3QQBWW6TMDUTIHIADSBA4XVOS3XB,1533692,Valid,false,yes,0.00003113868991551827
NCNPJL26GVUEZIOPXRP7PTRFMBU76ORMGMNJ63VQ,1533667,Valid,false,yes,0.000010054166831937407
NDFGNLOG7L3YZPAHJTT6QM66OXHJUAJUWP2VKMSN,1533620,Valid,false,yes,0.000011898573200659523
NB3CDFJ7Y3VO4NBIMC3H33UJ4FFUJGPGAGTUABII,1533611,Valid,false,yes,0.000009633235716016803
NCRC5K7WGW7V6UE7YKD2EQBATZTAQRGKVITWJCKY,1533608,Valid,false,yes,0
NBUB64DLCEX55BEMDKICVCS36SAZG4XEI4M2B5IT,1533577,Valid,false,yes,0.000017408668122690534
NCGKSWP77Z62DN3UGE52BN6BKTUSF5QZNJ6JQ52V,1533574,Valid,false,yes,0.00003768262199533517
NCDCLGFPJAMNEK55EVX2DWM6RI43MEH7NYP3VGY5,1533556,Valid,false,yes,0.000029805072245864625
NCGGZGDZ4CRGUWGK7YI4DTKYS42654WC4Z3XT6JY,1533545,Valid,false,yes,0.000014284638717566532
NBRA7OF2ASPFJ22FBBFXV4DGDNGCLAIEMC3EVRMD,1533539,Valid,false,yes,0.000014411779080931885
NDG7C6FHXFNIBQCLMKJ4CNHT62YYYCTT56U5OH33,1533538,Valid,false,yes,0
NCK4H5N444VLXBQBCA2MORBK7BZR6BUBSAUOBKUV,1533531,Valid,false,yes,0.000009563449714738184
NC7AL4REUDAVYLVK5FGQTJTP2D7UOTAZO5TWQKTA,1533524,Valid,false,yes,0
NAFUARIETYOMCETX72LPYB3VUJCKD6WBSQT4Y3YP,1533517,Valid,false,yes,0.000016687808220592782
NARUSMVOCD54HJQAMHVCXCESLDTIL2GUCCOI5FXL,1533517,Valid,false,yes,0
NCPBNV4BFFHJBRC6UVUKFWWNETP777XALCS5D4CW,1532973,Multiple Vote,false,yes,0
NAHAT7TXTSBTTLMHE77ZANIULFMEU2536OPJS4BP,1533478,Valid,false,yes,0.000273224034858769
NDNDV7KCSMKQHIJFBTVIVJXU7YCJ3EJSBWITVI7F,1533471,Valid,false,yes,0.0003892870724079096
NAJOZ3FML3VB5SHOGIN36P2T5M7GWVREREBMYEHA,1533467,Valid,false,yes,0
NCETJMGRJEGOOSCWRYH5ON7CKKBHC4VZ6K3RRAA4,1533462,Valid,false,yes,0
NDUUS22NOYAVB75IYL5FBUXJQWKGBOA5AHP4GOOY,1533460,Valid,false,yes,0.000019964044191611336
NBD4GGAH6ANT5DXI7GTXMICSZMNMNH5O4OMWRUFF,1533455,Valid,true,yes,0.00024871858912797285
NBXJBHYYOCEEPG2ZMAOY75GQ5CN6PFIRTGI73DRX,1533423,Valid,false,yes,0
NC6L2YXRBMIIB6ZCWQN56CWCRRZHOI4HQ4OQJG4Y,1533406,Valid,false,yes,0.00006496542775861454
NA675IU32CU6OSOXNXGAJEKTGPSSOJ7PEGR3GWN4,1533405,Valid,false,yes,0.000028625568879139448
NCE34TXJBKOU3O77MS3RD5D3QC5S4DFCNON4MAI7,1533401,Valid,false,yes,0.000009630302759001537
NDT2YBOLC7K4FFSM343VRLYGFDSSMQAWL2F27Z5D,1533399,Valid,true,yes,0.000012127221683089702
NB2CTG3KF2HTYTOB5UNS3XJOI4JD62ADO2BFG2CO,1533387,Valid,false,yes,0
NDFRHYNGGK7KTUTBE74R45VFDVKACAZKCH3FMEWX,1533369,Valid,false,yes,0
NBA4I7RZM66HPK6UEOWS3GMRQUMMQFJBXQEUJO5L,1533332,Valid,false,yes,0.000014549436052361114
NAWJUUSVVYA2DYVCFY4QUGXFJURVRQF3DH4Z6H35,1533288,Valid,false,yes,0.000058153336102182866
NCBYTELGNRVLQWCVRWCJUV7ESHZ4XCFKRQ3DTOGP,1533283,Valid,false,yes,0.00000920945142588714
NDKIEMUV2XWNCMT6VAMNLUIL5DXCAY22VHW3RB6H,1533264,Valid,false,yes,0.00001871286997965788
NC5SCHIVRLZ3Y2XHCRNMKUTAMID6BSIA55ZT7HLK,1533229,Valid,false,yes,0.00030783258618550553
NCGHWV226EEWTJRVJ7X4GJJMDFA3UXIWRYQKHO2Q,1533228,Valid,false,yes,0.000011365087309698729
NDHKAJG6KYUE6GJ7ZCDDDWZJFUHSGXMLQQOBSGQZ,1533194,Valid,false,yes,0
NAEGCR4AA6DZXZ5UJ5EWDIAHDYWSG7NMGIT7R2PE,1533037,Multiple Vote,false,no,0.000010812640416638862
NB6G4DRGZBOTNNPRDCJDX6G5T3UXZ7V6FFIQTIKQ,1533152,Not a 0xem transaction,false,yes,0
NCG2HN7FHB4WJCGEBC7HKJIDEZ3ZURWCHXYVM6HW,1533152,Valid,false,yes,0.00001093060309266099
NACC7UXHWFLZLMQW5UTOPXVNOZ5PPVAS453Q6SKW,1533141,Valid,false,yes,0.000010320896913011622
NB5W22CSGX7JDY73ACKR3RKGF6PADF4QMSM7JBRJ,1533125,Valid,false,yes,0.000018072799361023072
NDGUC5STDYYBQAGAVFEGTBANIGD2ER4E3EI5QPLT,1533114,Not a 0xem transaction,false,yes,0
NDST4EX26JPKNXORZEN5NKWNEUSN5CL6JJMHN6X3,1533093,Valid,false,yes,0
NC5QKWG7N7LDRPJMFEUF2YX2THVXSAUBZQQ54MNF,1533093,Valid,false,yes,0
NAFNQO3UDS6TZ4VD5L5HC47K57HSWULJBWUY5IVA,1533077,Valid,false,yes,0.00011263846311356665
NC4BA2TLXS5JLKYGE3AW66DBLJGEU2G5TUGQ6VT5,1532994,Valid,true,yes,0.00000958470875510186
NCIQUGKC5VRUXX7IEMZCZ6OSF3TQT2M6NIBLM5PC,1532941,Multiple Vote,false,yes,0
NBX5TBAZAN7USYJBTQTO4N7FJS7BQVCKRDI6ZSUM,1532923,Valid,false,yes,0
NCAEMBNW7EBLZUHGSAPCBWVM7SB2O7VNPS5CXKLV,1532915,Valid,false,yes,0.00003830333946268769
NAV24ED3LH4OVKXTD5XKELIXPOBGPTRYTY2ZOZHV,1532898,Not a 0xem transaction,false,yes,0
NDME4P6MIHPPW5KUNLHXLYKL5GZAT5XWYPBJEKMT,1532893,Valid,true,yes,0.0003071760272425373
NCWL7FTZV42JXOOZLMV5Z5FRZ7IZGLKM6DY2W2WG,1532888,Not a 0xem transaction,false,yes,0
NBSVDUFY4VZ3VUNFFK4QXOXWY2RKR4QZRR5H3BF6,1532859,Valid,false,yes,0.00000949702518212263
NARPLBIKLUI4TZ234KKPLNWLIPXMDP3PJ6Z6OU52,1532855,Valid,false,yes,0.000009940877518932638
NDGHS2KYBWBIAB23IZG2SRAP2VVATVZAWDEOBR3Y,1532848,Not a 0xem transaction,false,yes,0
ND6VSRD37G7AWQQHNTWJWD3OHECCJRR2WFJTTYDP,1532836,Valid,false,yes,0
NDJX7VFOFIM727ORWEJJ7J3VDKEHACG3SFA2C62D,1532808,Valid,false,yes,0.00031791420298745007
NA3EE55PXYW7NCFYMUCXE7EPXRSOK3QF5MYFEYDF,1532785,Not a 0xem transaction,false,yes,0
NA6OEQQMZCDNR623LKT5PKHG6AV3LAFBZYKKS6BP,1532773,Valid,false,yes,0.0003125304404270488
NCF5ZK5EM7UNMPMKPW7ILDXCCKJ4WJKE7S6WUMXJ,1532702,Valid,false,yes,0.000025267298733276967
NBZYHABQFPNJ5Y4EZLQI37EPOEW2FDDHIYWHUZBH,1532689,Valid,false,yes,0.00030734608244100385
NBDS45TODJJBBJD6D5NHTONBLTMB2VPBEQ63FAHS,1532685,Valid,false,yes,0.00014923049913275637
NCRT4P5KWPUYYVTKEG4QS67E2AZOAWVDLTVJH5AV,1532635,Valid,false,yes,0.000010638753288980356
NDUFBAMMGLDN45OMZA7JSQLV2NPIX5PLD4LHNPXY,1532624,Valid,false,yes,0.000013388890699325825
NC3LHGNHEQW3LXUYHBRKT4CE2UU3CVVTSNQJA65H,1532588,Multiple Vote,false,yes,0
NBCZL74LMNCFVVMAT45KYWIHRLS6KZ7SGWGTEPZF,1532505,Valid,false,yes,0.000009847136744182932
NBNZF6A4H5SJRGXNKGVZOYB24ZTYE3WRYCGWVM7A,1532486,Valid,false,yes,0.00030991095775011375
NC4AWWOWOJI4SVXLYDFWZ4YZZMRCCBV2VNMC2BXC,1532482,Valid,false,yes,0.0003092923422956965
NBDCARGCV3PTNJ4MFSQGHJSFYDHSIIALNO2APJGE,1532478,Valid,false,yes,0.00001103891681531679
NA4U2NILIGOREG7CGWM7SOJA73NVJLPM4FRLE4AY,1532478,Valid,false,yes,0.00030885512984893485
NB6UUXSOY4AIEUDNCJSPNVZJK5BAW6ZDEZTGMJKP,1532427,Valid,false,yes,0
NASWCCBZDWTOM34G6BHCLNNS4V3BIQ43K2XBQNWB,1532423,Valid,false,yes,0.00000969425507159336
NBDTB6EYIBTKMYYN7AAWHQ2RS6JOGXYSPPVM3RYG,1532402,Valid,false,yes,0.000009591393378982648
NBSJXXQFQBKCJRJMYHJ4G5PXXY6UVDO2LB7O5NCS,1532382,Valid,false,yes,0.000009660713080601676
NC7DTK6KIVE3PIOWHDCJHRATDAHBBP6S2HMRYN66,1532345,Valid,false,yes,0
NBPN3YQHHLP7LAIFPHQ4EQXFL5YO2LJ7JASC7VFP,1532319,Valid,false,yes,0.00032055578487853747
NAL256SERR2PZ3K2H5DHYBHTRC2FUVKYGK3DN23B,1532317,Valid,false,yes,0.0003850640770355462
NBZMRHFC7XXQS3NC6KJ3T5CVON2TDKOASYIEDIS3,1532288,Valid,false,yes,0.00009771169957516384
NBZHKDE5F7FD7ESLCXVQPMVUEQF4X5TPPHCG5OVN,1532275,Valid,false,yes,0
NAA4XDPDFPDE2RUODTBD7QLGI67WM2KAI6HI623B,1532258,Valid,false,yes,0.00000946082164116502
NAZRMHGGHW7X2XC3USYDQFLQYXPSUUBETYEYCVBS,1532231,Valid,false,yes,0.000020087089361156484
NDAA2HX7LZO7XQJRYSMEI36PPNSELUS4BQQUXL7A,1532205,Valid,false,yes,0.000012917719843902446
NAEKFZ7QTBVN6SW5KNFLRUI5L3QXPVGEJZLSMMUG,1532205,Valid,false,yes,0.00003784435837757773
NCCYQOOC2PQZNGECINGHCKAK65BAG66P36HRZ2HB,1532183,Valid,false,yes,0.000010233737859192208
NBE2PF5NNX5T2K4RRSSY34SVJQ2ACFKQZTH3LZ5T,1532170,Valid,false,yes,0.000009321318583770353
NDIISYISAJRWVNBVTD5EK43SAMRDGKQ54JHZQHAJ,1532157,Valid,false,yes,0.000012394647299054067
NB74EMJ6S4EJ7QJZALUWSYPSAIZJKBHZWXQNZIV4,1532138,Valid,false,yes,0.0003055459324658554
NCU7E6HXUYFWYUW5GAXYIY2CGC52EMBOO6YNE3QU,1532138,Valid,false,yes,0.00030555478143860147
NA4EYZSB5YALCTLJVCLNXPPNAL6GVQW7CNNKEBVS,1532116,Valid,false,yes,0.0003181080060455568
NCBYRQIDNJIQRQE6MPM2QRPNB7OLOYICVKNWJ354,1532116,Valid,false,yes,0
NDB2PYJ54G55N3M2XHC7CIKYSZ5AMU24VWXFFAHW,1532093,Valid,false,yes,0.00001039841823268568
NDWYJY4BS6NM4TLP7EVMVNMFBRYP5ORJPFPIQMN5,1532086,Valid,false,yes,0.0005090346492095571
NCDAXXXDFWYJ6AXOW2IEQEQ3KIU6OCLZKH3BUHZO,1532077,Valid,false,yes,0.00012847920409766664
NCEPCAVXABTY5H5QLI7JD6GT5RX7MYVB3IWSU4Z7,1532035,Multiple Vote,false,yes,0
NDYY44VRWXMWR3RHGQM2NLLZBUKQGMJHZJ2RFYTS,1532033,Valid,false,yes,0.000009441225403635594
NCYU4P7EZXUKE3IPOBZBSW3MXAFJJNMZA6TPHL4V,1532027,Valid,false,yes,0
NDIFXLOHGYZQJKAFKQ4XKJPTGWG75MVXU23ENR3L,1532021,Valid,false,yes,0
NDXOUET3QYKDTOZAZZG7EVVCXKXWJ4VUZJXCH73G,1532018,Valid,false,yes,0
NBW4I7ZUWAKUNLWL7GY6WU3BZ73UJQEZI4TJXF5L,1532011,Valid,false,yes,0.000009477639085160015
NDF5Z5EESHINJUEA2OEQ6VFYBHZIK52S2PJPYG4H,1531995,Valid,false,yes,0
NDEM7RLDWRQSP6DDX4ES7W7BMQX54WQDU5TDIHO2,1531991,Valid,false,yes,0.00007724388737183544
NBBKSGUXGCEHF4D5BPRMRPF36LCHHYGDFDGJDG77,1531990,Valid,false,yes,0.000013201485496103004
NAKHNJVQ4F54NPFIA2FZWADZB6X2QZU6W7VUCZS4,1531989,Valid,false,yes,0.000010293735418192655
NCWZCNXAS6QURKUOC3HYGAZFNXDPJUSLNJJCIDLQ,1531976,Valid,false,yes,0.000009878938392122799
NAEI5I6UQ2OQLNZCMKB7RLM3DW3KLTN3XUWEFEJX,1531974,Valid,false,yes,0.000009490001479717628
NCKFEXL5XJFRNHOBXWMWGCKL7SFONIZXKR3ULB5T,1531968,Not a 0xem transaction,false,yes,0
NDK5RONZADITDIBCHLPEQFYGADPYP2LUCMZWV5VK,1531958,Valid,false,yes,0
NC43J7IDXESSR27GPJIFOOCRW6ECSG3I5JKEJB4R,1531953,Valid,false,yes,0.000009447003472410462
NCFW66IYECNRHFO7IB3BZGXVZMYEFFNLXRIQA7IL,1531932,Valid,false,yes,0.000010414012607364145
NACHK5RZGWNRCSHLCIB3MPUZV6VJQIUY3MYOJ3LX,1531931,Valid,false,yes,0
NCPUXDEXEGVWAUEWZTW7Y6R4UKI3DULDDNCHJLYB,1531911,Valid,false,yes,0.000009482005899434104
NAYTZDEPRPQX43OYEWCS2VZIAXZ5USTHX6YG6NG5,1531908,Valid,false,yes,0.000009562997646591555
NC7D66NF6R2IQAW4NQG3B7OM3HK2JA7KQ326BZ2I,1531906,Valid,false,yes,0.000009540715698208092
NDEWA4UGSOZWYDJ7THZBOSGJMLLXGXJLHOANWDG2,1531894,Valid,false,yes,0.00020683005125397456
NC52CPQ4BSD2V2SVOSY2BPFK5LYCMFPOQPHCGGO2,1531889,Valid,false,yes,0.000015661297965704588
NAONV3L2ACCPK2DHVBFMVAFXUJ2DNH4MQG4ZXKAS,1531889,Valid,false,yes,0.000024850991365967607
NAPHPMVNVN5HAVHLMOCNNPBZNSJQKJR7KJQSTOPZ,1531875,Valid,false,yes,0.00004067300144348001
NCRZOPLN33M64KO4M4V5XF6OCRJWFZVEU4SMINGJ,1531874,Valid,false,yes,0.00004155926767010836
NDD7WRTMJXHUHAABUETLPCV536SGKXDEN3ZOJQE6,1531874,Valid,false,yes,0
NBYDBLRY6XPJGY4PIVNJ5R4UBHB7GTC22HQ3VAMG,1531873,Valid,false,yes,0.000041537197409804045
NAKOECM6FBJHAEIRATH5VPQ3VDZNWU7O67W4TXVF,1531857,Valid,false,yes,0
NBJZKYGVZL2L3DTJBWNVKVUJFB5TRG37SVZIY56H,1531857,Valid,false,yes,0
NAUIOIAH3CLZVV4SVKO3VFNV2QOXO667VA23CG2E,1531854,Valid,true,yes,0.00030958016996774837
NCEMHBXVTSTM3XE5PTVHZVN6W6WD72OWPYWCFD6D,1531846,Valid,false,yes,0.000019405234692593445
NBCNLZHZXXXDM5QJNINBFQLFY7YIQMGDJIMNQ6ZH,1531846,Valid,false,yes,0.000011115137428963344
NDKPWNUJNNUTQQ46TF7QKBOD6UHVCXCJTHKXKYEG,1531834,Valid,false,yes,0.0000741610259537923
NB44AVVZTOE4ANIXPRQDZWM5RTVPPS3Q4KHOVBDX,1531829,Valid,false,yes,0.00030874369644130295
ND52OETOLPINJRA7HOFJXMEXJVBKHL575K6O53SK,1531829,Valid,true,yes,0.00015842798955008678
NC6AU7H2N7VTAGUL4SFVS5ZVNWJKV4E4B64UFAUA,1531829,Valid,true,yes,0.0003084823079145744
NB4Q3FLEOZRSHSGPGRZZBCKIVYWNWVWGTURS74MV,1531820,Valid,false,yes,0.00002631171677616444
NDJ3RVAQSBHWUU7WWGCMNCA732TLVCNQIU5U7EF3,1531792,Valid,false,yes,0.000015596939637884988
NDDTOG647EVWSDLE35MJJTGQH5GYKAYNFWNXAK4T,1531760,Valid,false,yes,0.00005331086247045939
ND4NFZLJ5GFFUE5NFBVW3QFEXDGLQAYHY6D2Y2YM,1531760,Not a 0xem transaction,false,yes,0
NBLI3FXN37677ZACWC6LY3ODNKLGEH2IBQN5MRDO,1531758,Valid,false,yes,0.0003075292396716352
NC6BC2WHMRV5LBXTWF5KPRX2TJLENMDV6MJZ4Q6H,1531758,Valid,false,yes,0.00036082866925413274
NAYISX3W4WMISW2OWZR4NYDPOE5GWCGURFVBBX4K,1531748,Valid,false,yes,0
NCJ5P5EN6P6YGQCD7NPQTH7CM4ANO2BOEKYAQBBB,1531746,Not a 0xem transaction,false,yes,0
NCESSYEW4DS75YCW33LW6UDOBXW2AX3PDKZWPL4H,1531743,Valid,false,yes,0.000010162297970057858
ND7CVTUI6VLRKJMUS7R5G5MEMFYNHUNRP746YNGW,1531734,Valid,false,yes,0
NARXRAN4V2FYI7TY7FZSNGAAFJ6LWQ5Z5JKNC5HG,1531733,Valid,false,yes,0.00001245278520508202
NDSI4ZZR6KMQSGAGSGXSDBTFEHMXHIYACSN7GAA7,1531731,Valid,true,yes,0.0001051828699725539
NAYWESIOVQ6MO62GWS6P5WYUGSI632WXB3M75ZHK,1531731,Valid,true,yes,0.0004959167989835027
NCHZCB2SDLW6HGO5YCCEUK7R2AMDABPN25H76R4J,1531728,Valid,false,yes,0
NAUABE74THUI4RQTKMGKPYTKMWZOT7LEP5S3U55V,1531721,Valid,false,yes,0
NBSIT47ZQ6HVXXMZTZGGVFX6MLNR6BRREHU7D7J7,1531716,Valid,false,yes,0.000009535415409001883
NBJRWOJI3ZYABM3XJOIZBFGGLALGF3SHSDLAONHV,1531712,Valid,true,yes,0.00009300090571946416
NCJC2BI642H5XBTKN2POX2MPDUKGY72AM4UKJYNZ,1531712,Valid,true,yes,0.00008511189722354673
NBWEUMR7JJ7OJWO5ECX2EMXBNGK3BJPXU55QU7PK,1531712,Valid,true,yes,0.00006106351289389502
NCXITOCMAGSCE6CYJUOMSNDPJIXTMJMZCJKY6OCF,1531711,Valid,false,yes,0
NCTZESQTGIWXSFLJFWZKVBYE7Y6PFLAMHPWMBCXS,1531711,Valid,false,yes,0
NDZKPZHMFKEN5J7VIVL2QCNW3AWL5NGM25PZDNWQ,1531710,Valid,false,yes,0
NBNQOGXNPJ57PZLAGB5DRFYVXKFT7TCZTXNOBQQF,1531709,Valid,false,yes,0
NCKZAFOX3O7JXJU4EQ72Q3KYPTT5QBB3WY6L3EEJ,1531709,Valid,false,yes,0
ND62VQK4KZQYFYSCFXP4GQOUEZ2BFSU5I33EVDQO,1531709,Valid,false,yes,0
NBT64BRPB6WPHZIP6O3462JMVI37TT5TTOVR632U,1531709,Valid,false,yes,0
NAYBUUH4CCJIF7BDRFYTP67VNJ2A2GHUOLWUUGKQ,1531709,Valid,false,yes,0
NB4VZ7D2JYYNTD2RSZ2S667KH6LB22FPJ5B23QIY,1531708,Valid,false,yes,0.000011713435589476494
NDI4GWQCN4KIUVZF6IBXA5HFDHAIUW6CVBXV3XKD,1531698,Valid,false,yes,0.00002007039469333335
NDBHQ7BVKQROPG3LGQXCU4OMD6WJDV5P47CKVCG4,1531698,Not a 0xem transaction,false,yes,0
NAPGYA25A2BRMVL22U4NXX626K6VYHMPQX4HHNUD,1531696,Valid,false,yes,0
NBJN2ZIR2SITKG5QWVMA67D4XI5TZUP6PMOXYWOC,1531689,Valid,false,yes,0
NB4VFSGFHFEQW5T3XBIPLLOH6RNF6PHEJ3ZEE5DS,1531663,Valid,false,yes,0
NDL7W5GWIEELFXQOFJTHEBRDZIJQVW3HYV7BO57E,1531661,Valid,false,yes,0
NBCZJLWLSWO5VJCW6DQHK4XZBQNP2BJPVPFIX52N,1531659,Multiple Vote,false,yes,0
NBI5EZRXVDTWP5CLRKU75YJNHZE4VHNTTXJRQ47T,1531659,Valid,false,yes,0
NCDVYH3MVVATVCKWUCFZZZ4L7G4TY4IQMVAME5GC,1531657,Valid,false,yes,0
NCQP5BN7SOQOJMETBEGM6RVY2EOZJOCTYWYAEWS7,1531657,Valid,false,yes,0
NAHPHAURJV2SEEGIFMPIFTMBXGN3VG7LMQYOSPD7,1531657,Valid,false,yes,0
NDV3JBMUJPOLKPBEQR4ORNGVBP4K2RJDS27XKA2R,1531657,Valid,false,yes,0
NCNQHN3JJ2PLD7PITIW5X7IHIID5KGRKLX3B3VFL,1531657,Valid,false,yes,0
NCLB5Y3TYK4B7EZJ35CROYNXPOEL2TTJOQDZQSDY,1531648,Not a 0xem transaction,false,yes,0
NAIASBZYL5OKXPOBYNWULHO3CSQMI3VTWJAAZL42,1531626,Not a 0xem transaction,false,yes,0
NALX2AFNEQJ5XYELU4MX7WR63FOYJRZXHFK4PKRL,1531614,Valid,false,yes,0
NCML4ZAGV6B74RGV7IX7PD2S55YEQGJAL4SL6FPF,1531609,Valid,false,yes,0
NAJH44ZLG4U5O3EPQNOKSNDXTAGNDDUNNVZVW5OE,1531605,Not a 0xem transaction,false,yes,0
NBKCVZ2BU3D5XLUZD4BAI2EVIXE3MRYKEVINPWYQ,1531581,Valid,false,yes,0
NB2D7QLWI2EGVB5467TG4ESRV7GG5G2KUQHS42BT,1531556,Valid,false,yes,0.000011113803469577373
NCFJON5YUVW2UB5XR3QB5MSJJTJ6WFVA35NFRJFB,1531555,Valid,false,yes,0
NAS4HY22Q6DGXGDSTU5MMJAWJOGFTPNKJAKQILZ2,1531544,Valid,false,yes,0
NDISS5IAIX3ZTAS72424U4HUX75NHDXFJXALDY3U,1531540,Valid,false,yes,0
NC2TGDN7LT7NRXCT6NVT7TJG2MY6PYPC7JXMVYTD,1531520,Valid,false,yes,0.000012326156760766938
NAJNYC5BANTLDYFMY6OIEDXEUNQ23HUGNIQ4I6FI,1531501,Valid,false,yes,0
NDECSXMRUYFHWWFPEPM2OF3KK7ZBR5R4NK6QBILZ,1531500,Valid,false,yes,0
NA5EUXLLRG5ZF7CMFWCQMZRW7Z77YWSTM6ZOBQAZ,1531497,Valid,false,yes,0
NCB46TPCVSVZBUKVIGINOBROQWZDR2ZOQVFJB74Y,1531467,Not a 0xem transaction,false,yes,0.00032375785626020633
NCYAVMNQOZ3MZETEBD34ACMAX3S57WUSWAZWY3DW,1531464,Not a 0xem transaction,false,yes,0.0005155319355997996
NDSRG6RMQCUPS4LH26Z4SBJL2K2QFWKELGODI5C2,1531459,Valid,false,yes,0
NBUPVDPFHE6GDMB3OWGYHQV2YJVZ4SGSQAD4UZSB,1531455,Valid,false,yes,0.000009488359751074992
NCWBKTGMSMU7B732S2USAP4G4FFH5TGOPCXMWGSP,1531450,Valid,false,yes,0
NDUOAV3NNQOMMTQX44EMPIRDDX5AJ7YSESULB7PI,1531430,Valid,false,yes,0
NC55XNBTO56GCV27VNE2452ATN7J622PO7XBS3AP,1531428,Valid,false,yes,0
NCBYHRBBGTHCQ3KD64F3CPNBPGKYY3VLGUFOMDG7,1531405,Valid,false,yes,0.000009594279414483743
NA3SULPTWCN5EA3HC4OUFGQ3B5ZZMUT2IO3A7OJ7,1531399,Valid,false,yes,0
NCWXS5Z4EEBRCOYF4ICKPIQVZ5Z2ZYHJWTAWIJCP,1531352,Valid,false,yes,0
NDWVLV33AS67WIGXSYLIKYT33EYYQPYM2K3D5R2M,1531321,Valid,false,yes,0
NBYN3YJ7OJO5ABEADYK22P6AYBD6SQSUD5VZVEWV,1531321,Valid,true,yes,0.00026568369349361676
NCI35EOU7LD3EWBJWN5WR273ADY6DJTSTBYVE6EF,1531309,Valid,false,yes,0
NBDBDJA7NVZEVZNCFGFVAI4ZAYJDISS35JSRYZCP,1531264,Valid,false,yes,0.00001087222824447962
NDFS3ASGSXT4XYDK7CSPMGORGVNDNQZUYQZHHLIH,1531222,Valid,false,yes,0.00020828617834008875
NCIWG65C2R2H4SBZKR3SVVOQQZSPI3LL3OCOFFHB,1531191,Valid,false,yes,0
ND7C2Y7HRGGN5MZZMDF2Z2SUTKVL4CKD4DYE2BPL,1531182,Valid,false,yes,0
NCYXP635GSYCXXBSDAMV4E2MOF54MGPH6QL5A3LT,1531008,Valid,false,yes,0.00000982036492998695
NC7EXKY4LPVNOHSFXS6RAC3WYRRCTHPWESZT6HIX,1530761,Valid,false,yes,0.00000984211956675693
NDARGRCJMGNU7CPNVLANK7ATMB6VMHCTXW4VDI6A,1530756,Valid,false,yes,0
NDRUAN2374IMU4RA36B4SX35LDTN6FNVDPHFE267,1536715,Valid,false,no,0.00006614457205796867
NB7OE3USHDBTK75K6XZTQQ5KO6LDOHP4VTOWIUP2,1536705,Valid,false,no,0.000212818109804539
NB7BJBR7EQSLCQZ6WI52H7YNIWDEKFJMNUMFAR3X,1532469,Valid,false,no,0
NDM4X6CJ3XSHWD4DHFP3AFBSSZX4W6ZO3NFS2DPM,1531760,Valid,false,no,0.000009798002464527446
NBP3DV6VWF5GNC6IPN2EQMXLP6AVVK4LQBTNHQSG,1531743,Valid,false,no,0.0000246627510686764
NAWG3FIMJ5HME2N27HAQKFO5D334Y22B2QVVSN6Z,1530760,Valid,false,no,0

